anio,mes,dia,hora,Hs,Tp,Dir
2024,1,1,0,2.0,10.0,280.0
2024,1,1,3,2.052482105457949,9.994475999924987,282.09928421831796
2024,1,1,6,2.104384388606925,9.977965028853605,284.175375544277
2024,1,1,9,2.1551334330149112,9.950649499996729,286.20533732059647
2024,1,1,12,2.2041685632316748,9.912831195321267,288.16674252926697
2024,1,1,15,2.250948039131224,9.864927931462947,290.03792156524895
2024,1,1,18,2.294955041056803,9.807468943688065,291.79820164227215
2024,1,1,21,2.3357033796445354,9.741089038902174,293.4281351857814
2024,1,2,0,2.372742867243591,9.666521582303309,294.9097146897436
2024,1,2,3,2.405664291589418,9.584590395163161,296.22657166357675
2024,1,2,6,2.434103936780905,9.496200653249549,297.36415747123624
2024,1,2,9,2.4577476016137103,9.402328886444392,298.3099040645484
2024,1,2,12,2.476334070875213,9.304012190041437,299.0533628350085
2024,1,2,15,2.489658001250224,9.202336766917295,299.58632005000896
2024,1,2,18,2.497572189953961,9.098425927161895,299.90288759815843
2024,1,2,21,2.4999892010284377,8.993427677748443,299.9995680411375
2024,1,3,0,2.496882331334941,8.888502039352213,299.8752932533977
2024,1,3,3,2.488285905570311,8.784808230441948,299.53143622281243
2024,1,3,6,2.4742948970476846,8.683491860234044,298.9717958819074
2024,1,3,9,2.4550638784313183,8.585672272001759,298.2025551372527
2024,1,3,12,2.430805314017772,8.492430176570558,297.2322125607109
2024,1,3,15,2.4017872124303254,8.404795712624754,296.071488497213
2024,1,3,18,2.3683301656596703,8.323737065735168,294.7332066263868
2024,1,3,21,2.3308038071635475,8.250149771844796,293.2321522865419
2024,1,4,0,2.289622728156253,8.18484682338758,291.5849091262501
2024,1,4,3,2.245241897204837,8.128549687347874,289.8096758881935
2024,1,4,6,2.19815163373631,8.081880334493087,287.9260653494524
2024,1,4,9,2.148872190988536,8.045354367840563,285.9548876395414
2024,1,4,12,2.097948008252386,8.019375326275357,283.91792033009546
2024,1,4,15,2.0459416959063685,8.00423022625258,281.83766783625475
2024,1,4,18,1.9934278196970856,8.000086390839556,279.7371127878834
2024,1,4,21,1.9409865529367751,8.00698960113055,277.639462117471
2024,1,5,0,1.8891972667484727,8.024863590457231,275.5678906699389
2024,1,5,3,1.8386321291737564,8.053510886982835,273.54528516695024
2024,1,5,6,1.7898497838601377,8.092614995371052,271.5939913544055
2024,1,5,9,1.7433891781659603,8.14174389342654,269.7355671266384
2024,1,5,12,1.6997636088699035,8.200354805076213,267.99054435479616
2024,1,5,15,1.6594550512680954,8.267800196959369,266.3782020507238
2024,1,5,18,1.6229088343109677,8.343334932376369,264.9163533724387
2024,1,5,21,1.5905287206089462,8.426124503558992,263.6211488243579
2024,1,6,0,1.5626724456630683,8.51525425131239,262.50689782652273
2024,1,6,3,1.539647765603115,8.609739470170014,261.5859106241246
2024,1,6,6,1.5217090570978433,8.708536287419749,260.8683622839137
2024,1,6,9,1.5090545070015107,8.810553195809797,260.36218028006044
2024,1,6,12,1.50182392278548,8.91466311252096,260.0729569114192
2024,1,6,15,1.5000971879452545,9.019715831177797,260.0038875178102
2024,1,6,18,1.5038933794476084,9.12455072932882,260.1557351779043
2024,1,6,21,1.5131705569682536,9.228009591003534,260.52682227873015
2024,1,7,0,1.527826226248551,9.328949402682634,261.11304904994205
2024,1,7,3,1.5476984714520923,9.426254981311544,261.9079388580837
2024,1,7,6,1.572567744010888,9.518851294842976,262.9027097604355
2024,1,7,9,1.6021592881979774,9.605715339191141,264.0863715279191
2024,1,7,12,1.6361461766287417,9.68588744038105,265.4458470651497
2024,1,7,15,1.6741529221546991,9.758481857026728,266.966116886188
2024,1,7,18,1.7157596262455774,9.822696566002183,268.6303850498231
2024,1,7,21,1.7605066180283375,9.87782212319302,270.4202647211335
2024,1,8,0,1.8078995327310508,9.923249501435125,272.31598130924203
2024,1,8,3,1.8574147734249715,9.958476819046862,274.2965909369989
2024,1,8,6,1.908505295723485,9.983114884617974,276.3402118289394
2024,1,8,9,1.9606066515285716,9.996891496796334,278.4242660611429
2024,1,8,12,2.0131432250534806,9.999654451568528,280.5257290021392
2024,1,8,15,2.065534592226027,9.99137322380982,282.62138368904107
2024,1,8,18,2.1172019332138285,9.972139304525728,284.68807732855316
2024,1,8,21,2.1675744272259,9.94216519005939,286.702977089036
2024,1,9,0,2.216095558940839,9.901782034431927,288.64382235763355
2024,1,9,3,2.26222926688818,9.851435990752769,290.4891706755272
2024,1,9,6,2.3054658658555995,9.791683282120038,292.218634634224
2024,1,9,9,2.3453276778912184,9.723184056467671,293.81310711564873
2024,1,9,12,2.381374309689687,9.646695093250953,295.2549723875875
2024,1,9,15,2.413207518057488,9.563061442546978,296.5283007222995
2024,1,9,18,2.440475609703798,9.47320708894127,297.6190243881519
2024,1,9,21,2.4628773267480173,9.378124743345944,298.5150930699207
2024,1,10,0,2.4801651750168814,9.278864875529406,299.20660700067526
2024,1,10,3,2.4921481583601217,9.17652410852618,299.6859263344049
2024,1,10,6,2.498693888775964,9.072233103145475,299.94775555103854
2024,1,10,9,2.499730049033793,8.967144066430382,299.98920196135174
2024,1,10,12,2.495245191634924,8.862418022074294,299.809807665397
2024,1,10,15,2.4852888652845726,8.759211983430971,299.41155461138294
2024,1,10,18,2.469971067477752,8.658666170830829,298.7988426991101
2024,1,10,21,2.4494610292469288,8.561891414426553,297.97844116987716
2024,1,11,0,2.423985345497555,8.469956881741423,296.9594138199022
2024,1,11,3,2.3938254715875154,8.383878265506333,295.7530188635006
2024,1,11,6,2.3593146138082925,8.304606562286363,294.3725845523317
2024,1,11,9,2.3208340481218097,8.23301756587058,292.8333619248724
2024,1,11,12,2.278808907823543,8.169902191502127,291.1523563129417
2024,1,11,15,2.2337034866698144,8.115957737846495,289.3481394667926
2024,1,11,18,2.186016109360295,8.071780183235763,287.4406443744118
2024,1,11,21,2.136273626046656,8.0378576012999,285.45094504186625
2024,1,12,0,2.08502559169201,8.01456476872922,283.4010236676804
2024,1,12,3,2.0328381945875935,8.002159024741463,281.31352778350373
2024,1,12,6,1.9802880011044466,8.000777427998063,279.21152004417786
2024,1,12,9,1.9279555857880561,8.01043524238005,277.11822343152227
2024,1,12,12,1.8764191171706868,8.031025768352682,275.0567646868275
2024,1,12,15,1.826247970165357,8.062321521781925,273.0499188066143
2024,1,12,18,1.7779964356117066,8.103976747179198,271.11985742446825
2024,1,12,21,1.7321975964707246,8.155531237608061,269.287903858829
2024,1,13,0,1.689357438324112,8.216415419050522,267.57429753296447
2024,1,13,3,1.6499492592454983,8.285956643060873,265.99797036981994
2024,1,13,6,1.6144084408032575,8.36338661818581,264.5763376321303
2024,1,13,9,1.5831276379648707,8.44784989804854,263.3251055185948
2024,1,13,12,1.5564524410447895,8.538413332320467,262.25809764179155
2024,1,13,15,1.5346775576225895,8.634076376166165,261.3871023049036
2024,1,13,18,1.5180435566135853,8.733782144262879,260.7217422645434
2024,1,13,21,1.50673421046342,8.836429087269718,260.2693684185368
2024,1,14,0,1.5008744648300578,8.940883161744937,260.0349785932023
2024,1,14,3,1.5005290581841346,9.04599035905807,260.0211623273654
2024,1,14,6,1.505701806578327,9.150589454877428,260.2280722631331
2024,1,14,9,1.5163355614875993,9.253524838376709,260.653422459504
2024,1,14,12,1.5323128411861189,9.35365927942357,261.29251364744476
2024,1,14,15,1.553457128685379,9.449886492698298,262.13828514741516
2024,1,14,18,1.5795348218939167,9.541143359934203,263.18139287575667
2024,1,14,21,1.610257814453251,9.62642167524837,264.41031257813006
2024,1,15,0,1.6452866787369766,9.704779283800411,265.8114671494791
2024,1,15,3,1.6842344158472329,9.775350490719292,267.3693766338893
2024,1,15,6,1.7266707311785812,9.837355625300383,269.06682924714323
2024,1,15,9,1.7721267883128757,9.89010965480753,270.88507153251504
2024,1,15,12,1.8201003887240765,9.933029752714825,272.8040155489631
2024,1,15,15,1.8700615200676427,9.965641737774146,274.8024608027057
2024,1,15,18,1.9214582117569963,9.987585312769669,276.85832847027984
2024,1,15,21,1.9737226331346411,9.998618045081548,278.9489053253856
2024,1,16,0,2.0262773668653575,9.998618045081548,281.0510946746143
2024,1,16,3,2.0785417882430033,9.987585312769669,283.14167152972016
2024,1,16,6,2.129938479932356,9.965641737774147,285.19753919729425
2024,1,16,9,2.179899611275923,9.933029752714825,287.1959844510369
2024,1,16,12,2.2278732116871236,9.89010965480753,289.11492846748496
2024,1,16,15,2.2733292688214175,9.837355625300384,290.9331707528567
2024,1,16,18,2.315765584152767,9.775350490719292,292.6306233661107
2024,1,16,21,2.3547133212630227,9.704779283800413,294.1885328505209
2024,1,17,0,2.3897421855467487,9.62642167524837,295.58968742186994
2024,1,17,3,2.420465178106083,9.541143359934203,296.81860712424333
2024,1,17,6,2.4465428713146204,9.449886492698301,297.8617148525848
2024,1,17,9,2.467687158813881,9.353659279423571,298.70748635255524
2024,1,17,12,2.4836644385124003,9.253524838376713,299.346577540496
2024,1,17,15,2.494298193421673,9.15058945487743,299.7719277368669
2024,1,17,18,2.4994709418158654,9.045990359058072,299.9788376726346
2024,1,17,21,2.4991255351699424,8.94088316174494,299.9650214067977
2024,1,18,0,2.49326578953658,8.836429087269718,299.7306315814632
2024,1,18,3,2.481956443386415,8.73378214426288,299.2782577354566
2024,1,18,6,2.465322442377411,8.634076376166167,298.6128976950964
2024,1,18,9,2.4435475589552107,8.538413332320467,297.74190235820845
2024,1,18,12,2.41687236203513,8.447849898048542,296.6748944814052
2024,1,18,15,2.3855915591967434,8.363386618185812,295.4236623678697
2024,1,18,18,2.350050740754502,8.285956643060873,294.00202963018006
2024,1,18,21,2.310642561675889,8.216415419050524,292.4257024670356
2024,1,19,0,2.267802403529276,8.155531237608061,290.71209614117106
2024,1,19,3,2.2220035643882947,8.1039767471792,288.8801425755318
2024,1,19,6,2.1737520298346444,8.062321521781925,286.95008119338576
2024,1,19,9,2.1235808828293137,8.031025768352682,284.9432353131725
2024,1,19,12,2.072044414211945,8.01043524238005,282.8817765684778
2024,1,19,15,2.019711998895554,8.000777427998063,280.78847995582214
2024,1,19,18,1.9671618054124071,8.002159024741463,278.68647221649627
2024,1,19,21,1.9149744083079916,8.01456476872922,276.59897633231964
2024,1,20,0,1.8637263739533443,8.037857601299898,274.54905495813375
2024,1,20,3,1.813983890639706,8.071780183235761,272.55935562558824
2024,1,20,6,1.766296513330186,8.115957737846493,270.65186053320747
2024,1,20,9,1.7211910921764573,8.169902191502127,268.8476436870583
2024,1,20,12,1.6791659518781914,8.233017565870579,267.16663807512765
2024,1,20,15,1.6406853861917086,8.304606562286361,265.62741544766834
2024,1,20,18,1.606174528412485,8.383878265506333,264.2469811364994
2024,1,20,21,1.5760146545024456,8.469956881741421,263.0405861800978
2024,1,21,0,1.550538970753072,8.561891414426551,262.0215588301229
2024,1,21,3,1.5300289325222483,8.658666170830827,261.2011573008899
2024,1,21,6,1.5147111347154274,8.75921198343097,260.5884453886171
2024,1,21,9,1.5047548083650761,8.862418022074293,260.19019233460307
2024,1,21,12,1.500269950966207,8.967144066430382,260.01079803864826
2024,1,21,15,1.5013061112240358,9.072233103145473,260.0522444489614
2024,1,21,18,1.5078518416398783,9.176524108526179,260.3140736655951
2024,1,21,21,1.5198348249831186,9.278864875529406,260.79339299932474
2024,1,22,0,1.5371226732519825,9.378124743345944,261.4849069300793
2024,1,22,3,1.5595243902962017,9.473207088941267,262.38097561184804
2024,1,22,6,1.5867924819425112,9.563061442546974,263.47169927770045
2024,1,22,9,1.6186256903103127,9.646695093250953,264.7450276124125
2024,1,22,12,1.654672322108781,9.72318405646767,266.1868928843512
2024,1,22,15,1.6945341341443991,9.791683282120037,267.78136536577597
2024,1,22,18,1.7377707331118195,9.851435990752769,269.51082932447275
2024,1,22,21,1.78390444105916,9.901782034431927,271.3561776423664
2024,1,23,0,1.8324255727740988,9.94216519005939,273.29702291096396
2024,1,23,3,1.8827980667861717,9.972139304525728,275.31192267144684
2024,1,23,6,1.9344654077739722,9.991373223809818,277.3786163109589
2024,1,23,9,1.9868567749465182,9.999654451568528,279.47427099786074
2024,1,23,12,2.039393348471428,9.996891496796334,281.5757339388571
2024,1,23,15,2.0914947042765144,9.983114884617974,283.6597881710606
2024,1,23,18,2.142585226575027,9.958476819046863,285.70340906300106
2024,1,23,21,2.1921004672689475,9.923249501435127,287.6840186907579
2024,1,24,0,2.239493381971662,9.87782212319302,289.57973527886645
2024,1,24,3,2.2842403737544217,9.822696566002184,291.36961495017687
2024,1,24,6,2.3258470778452995,9.75848185702673,293.03388311381195
2024,1,24,9,2.363853823371258,9.685887440381052,294.5541529348503
2024,1,24,12,2.397840711802022,9.605715339191143,295.91362847208086
2024,1,24,15,2.4274322559891113,9.518851294842978,297.0972902395645
2024,1,24,18,2.4523015285479075,9.426254981311544,298.0920611419163
2024,1,24,21,2.472173773751449,9.328949402682635,298.88695095005795
2024,1,25,0,2.486829443031746,9.228009591003536,299.47317772126985
2024,1,25,3,2.496106620552392,9.12455072932882,299.8442648220957
2024,1,25,6,2.4999028120547453,9.019715831177797,299.9961124821898
2024,1,25,9,2.49817607721452,8.914663112520962,299.92704308858083
2024,1,25,12,2.4909454929984896,8.810553195809801,299.63781971993956
2024,1,25,15,2.4782909429021567,8.708536287419749,299.1316377160863
2024,1,25,18,2.4603522343968853,8.609739470170016,298.4140893758754
2024,1,25,21,2.4373275543369326,8.515254251312394,297.4931021734773
2024,1,26,0,2.409471279391054,8.426124503558992,296.3788511756422
2024,1,26,3,2.377091165689033,8.34333493237637,295.08364662756134
2024,1,26,6,2.340544948731906,8.267800196959373,293.62179794927624
2024,1,26,9,2.3002363911300967,8.200354805076213,292.00945564520384
2024,1,26,12,2.2566108218340406,8.14174389342654,290.2644328733616
2024,1,26,15,2.2101502161398634,8.092614995371052,288.40600864559457
2024,1,26,18,2.161367870826244,8.053510886982835,286.45471483304976
2024,1,26,21,2.110802733251528,8.024863590457231,284.4321093300611
2024,1,27,0,2.059013447063226,8.00698960113055,282.36053788252906
2024,1,27,3,2.006572180302916,8.000086390839556,280.26288721211665
2024,1,27,6,1.954058304093632,8.00423022625258,278.16233216374525
2024,1,27,9,1.9020519917476153,8.019375326275357,276.0820796699046
2024,1,27,12,1.8511278090114658,8.045354367840561,274.04511236045863
2024,1,27,15,1.8018483662636906,8.081880334493087,272.07393465054764
2024,1,27,18,1.7547581027951635,8.128549687347872,270.19032411180655
2024,1,27,21,1.7103772718437482,8.18484682338758,268.41509087374993
2024,1,28,0,1.6691961928364527,8.250149771844796,266.7678477134581
2024,1,28,3,1.6316698343403306,8.323737065735166,265.2667933736132
2024,1,28,6,1.5982127875696754,8.404795712624752,263.92851150278705
2024,1,28,9,1.5691946859822279,8.492430176570558,262.7677874392891
2024,1,28,12,1.5449361215686819,8.585672272001757,261.7974448627473
2024,1,28,15,1.525705102952316,8.683491860234042,261.0282041180926
2024,1,28,18,1.5117140944296892,8.784808230441948,260.46856377718757
2024,1,28,21,1.503117668665059,8.888502039352213,260.1247067466024
2024,1,29,0,1.5000107989715623,8.993427677748441,260.0004319588625
2024,1,29,3,1.502427810046039,9.098425927161891,260.09711240184157
2024,1,29,6,1.5103419987497761,9.202336766917293,260.41367994999104
2024,1,29,9,1.5236659291247867,9.304012190041435,260.94663716499144
2024,1,29,12,1.5422523983862892,9.402328886444389,261.69009593545155
2024,1,29,15,1.5658960632190944,9.496200653249549,262.63584252876376
2024,1,29,18,1.5943357084105814,9.584590395163161,263.77342833642325
2024,1,29,21,1.627257132756408,9.666521582303307,265.0902853102563
2024,1,30,0,1.6642966203554643,9.741089038902173,266.5718648142186
2024,1,30,3,1.7050449589431964,9.807468943688063,268.20179835772785
2024,1,30,6,1.7490519608687747,9.864927931462947,269.962078434751
2024,1,30,9,1.7958314367683252,9.912831195321267,271.83325747073303
2024,1,30,12,1.844866566985088,9.950649499996729,273.79466267940353
2024,1,30,15,1.8956156113930738,9.977965028853605,275.824624455723
2024,1,30,18,1.9475178945420493,9.994475999924987,277.900715781682
2024,1,30,21,1.9999999999999996,10.0,280.0
